{
  "40000": {
    "Full CAAA": [
      0.9681192968410864,
      0.9708728332118581,
      0.9718742612598934,
      0.9703719626632349,
      0.9712484887486899,
      0.9681246369196924,
      0.968999620245348,
      0.9739998374989843,
      0.9726248763842075,
      0.9663675582967662
    ],
    "No Context": [
      0.9582244098400526,
      0.9598539929745425,
      0.9602404477675761,
      0.9585701825254129,
      0.9566954254098727,
      0.9607292257604272,
      0.9562350214360865,
      0.9633639399169239,
      0.9569772409604682,
      0.95269450770094
    ],
    "CatBoost (no context)": [
      0.9538428912400141,
      0.9561049447607773,
      0.9543511135068786,
      0.9533531860547725,
      0.9543521468302593,
      0.9544774634992736,
      0.9523557033154006,
      0.9567309183349857,
      0.9547265681694382,
      0.9492156697927798
    ],
    "CatBoost (with context)": [
      0.969249998078125,
      0.9707489469620907,
      0.9698739601809068,
      0.9728749995761719,
      0.968499873999496,
      0.9661231574173589,
      0.9687490546589035,
      0.9697496294329605,
      0.970499262481562,
      0.9669994719915519
    ],
    "XGBoost (no context)": [
      0.9534769681915654,
      0.9574854493950554,
      0.9571097196674709,
      0.9558579991221932,
      0.954852397275955,
      0.9551049648890969,
      0.9522313672476871,
      0.960112958476105,
      0.9549791891301754,
      0.9515968285979445
    ],
    "XGBoost (with context)": [
      0.9693749880371046,
      0.9726243494005536,
      0.9709998531867569,
      0.9739999739999741,
      0.9719998582492824,
      0.9684989584968152,
      0.968749560540695,
      0.9711249237517517,
      0.96999987999952,
      0.967999927999838
    ],
    "LightGBM (no context)": [
      0.9531020427171295,
      0.9558592741767266,
      0.9573577292140463,
      0.956483874555765,
      0.9547300359458522,
      0.9563545896330177,
      0.9531082940970891,
      0.9583593684973148,
      0.9539820501234262,
      0.9518508946017803
    ],
    "LightGBM (with context)": [
      0.9698749430448143,
      0.9719992999824996,
      0.9702494626309187,
      0.9731249794238124,
      0.9696248932125152,
      0.9687483573355324,
      0.9678745176158036,
      0.9707499542968036,
      0.9697496294329605,
      0.9684998405304427
    ],
    "RandomForest (no context)": [
      0.944432899252904,
      0.9432903954726582,
      0.9465581233365611,
      0.9418072336142818,
      0.9461831291744448,
      0.9439425972195529,
      0.9443175348259019,
      0.9485836025696376,
      0.9448171606242475,
      0.94067939364829
    ],
    "RandomForest (with context)": [
      0.9668695081033042,
      0.9652390481276006,
      0.9651153582120533,
      0.9678713729792152,
      0.966494764807001,
      0.9638634538088584,
      0.9644909096728762,
      0.9654946085325833,
      0.9659951032948745,
      0.9649947470242253
    ]
  }
}