{
  "40000": {
    "Full CAAA": [
      0.9477472534650102,
      0.9509920331423878,
      0.9506100896490954,
      0.9512323948945569,
      0.9507483716180367,
      0.9513615567902823,
      0.9512489000533074,
      0.9522490330429191,
      0.9504865199550577,
      0.9488724044756585
    ],
    "No Context": [
      0.9376703387973793,
      0.936880562243906,
      0.9403537500914975,
      0.9417164286629098,
      0.9369909472557701,
      0.940084885894933,
      0.9371556352585679,
      0.9423448310319754,
      0.9369790100715419,
      0.9323347973542093
    ],
    "CatBoost (no context)": [
      0.9312182056155458,
      0.9346063781444013,
      0.933728528043086,
      0.9368682044540702,
      0.9290941016468879,
      0.9316083028083029,
      0.93049233678013,
      0.9348585833451684,
      0.9293380250174971,
      0.9279610584496581
    ],
    "CatBoost (with context)": [
      0.9467498801872305,
      0.9506235734841778,
      0.9532485857697195,
      0.9488671694863772,
      0.9478740022758247,
      0.9493712336944315,
      0.9479976306420461,
      0.9477477923442266,
      0.9459967564301831,
      0.9473744860789656
    ],
    "XGBoost (no context)": [
      0.931724699734045,
      0.9341089133089133,
      0.935610752872991,
      0.9388696272133293,
      0.9332239531682327,
      0.9332373776917198,
      0.9328625365593259,
      0.936735287000183,
      0.9319647875253436,
      0.9303377470217472
    ],
    "XGBoost (with context)": [
      0.9479995319957879,
      0.9537494334305595,
      0.9524990381055216,
      0.9528696794286543,
      0.9498746546050418,
      0.9496234060530822,
      0.9493732525861712,
      0.9506237031007018,
      0.9461228103973413,
      0.9503749371932798
    ],
    "LightGBM (no context)": [
      0.9327269758074701,
      0.9344871594832587,
      0.9363584522031736,
      0.9391196491879168,
      0.9315986558635684,
      0.9341132134715786,
      0.933113912585916,
      0.9368632792597014,
      0.9318480789263022,
      0.9319640089607402
    ],
    "LightGBM (with context)": [
      0.9469993507420466,
      0.9521238621936625,
      0.9519989169755643,
      0.9502452701909977,
      0.9506245918813923,
      0.949997887410743,
      0.9491232439569671,
      0.950747586631745,
      0.9454981980341725,
      0.9491249928457021
    ],
    "RandomForest (no context)": [
      0.9198736365998477,
      0.9205,
      0.9193719751892567,
      0.9216109769386714,
      0.9188748466227569,
      0.9142484511126481,
      0.9231223465197416,
      0.9189857769404641,
      0.9191247156728285,
      0.9172489863000821
    ],
    "RandomForest (with context)": [
      0.9413401477987507,
      0.9418368076850463,
      0.9466044351988002,
      0.9402088001263371,
      0.9420933603549727,
      0.9423378718962965,
      0.9434738707967758,
      0.9424764117335864,
      0.9392104716091638,
      0.9423474123359811
    ]
  }
}